Camiseta Preta,25.00
Calça Jeans Azul,59.99
Tênis Esportivo Branco,89.50
Óculos de Sol Escuros,35.75
Bolsa de Couro Marrom,75.00
Relógio Analógico Prata,120.00
Chapéu de Palha,15.99
Jaqueta de Couro Preta,199.99
Sapatênis Marrom,54.50
Camisa Social Branca,45.00
Vestido de Festa Vermelho,150.00
Shorts Jeans Azul,29.99
Sandália Rasteira Preta,39.90
Mochila Escolar Azul,49.95
Blusa de Moletom Cinza,39.00
Calça Legging Preta,35.00
Boné de Baseball Preto,19.99
Sapato Social Preto,79.90
Saia Midi Floral,55.50
Blazer Feminino Preto,89.00
Camiseta Regata Branca,12.50
Calça Cargo Verde Militar,69.95
Tênis de Corrida Azul,129.99
Colar de Prata,45.00
Brincos de Pérola,29.50
Bolsa de Praia Colorida,24.99
Relógio Digital Esportivo,69.00
Chapéu Fedora Marrom,19.95
Luvas de Couro Pretas,29.00
Óculos de Leitura Preto,9.99
Camisola de Seda Rosa,79.00
Gravata Slim Azul,22.50
Pulseira de Couro Marrom,15.00
Moletom Oversized Cinza,49.50
Calça de Moletom Preta,34.95
Cinto de Couro Preto,25.99
Jaqueta Corta-vento Azul,59.00
Vestido Longo Floral,89.95
Shorts de Praia Azul,19.50
Tênis Casual Cinza,69.99
Blusa Manga Longa Listrada,29.90
Mala de Viagem Grande,99.00
Cardigã Bege,39.95
Regata Esportiva Preta,18.50
Pijama de Algodão Listrado,45.00
Calça Skinny Jeans Preta,49.99
Sapatilha Preta,39.50
Casaco de Lã Cinza,79.99
Carteira de Couro Marrom,29.00
Óculos de Sol Aviador,59.50
Bermuda Cargo Camuflada,32.00
Pulseira de Prata,65.00
Brincos de Argola Dourados,14.99
Mochila Estampada Floral,42.50
Relógio de Pulso Dourado,149.00
Sandália Anabela Bege,29.90
Vestido Tubinho Preto,79.99
Blusa de Tricot Cinza,34.50
Calça Pantalona Estampada,55.00
Sapato Oxford Marrom,89.95
Blusa Ciganinha Branca,27.99
Jaqueta Bomber Verde,69.00
Shorts Jeans Destroyed,39.90
Tênis Skate Preto,59.95
Lenço de Seda Estampado,18.00
Chapéu Panamá Bege,29.99
Luvas de Inverno Cinzas,19.95
Colar de Ouro,99.50
Bracelete de Prata,39.00
Mala de Rodinha Pequena,79.90
Gravata Borboleta Preta,15.50
Cachecol de Lã Cinza,22.99
Camiseta Polo Azul Marinho,35.00
Calça Jogger Cinza,42.50
Tênis de Basquete Branco,129.99
Bolsa Clutch Preta,49.50
Relógio de Parede Decorativo,29.95
Blusa de Alça Floral,24.50
Vestido de Noiva Branco,299.00
Saia Lápis Preta,39.99
Camisa Xadrez Vermelha,45.50
Blazer Masculino Azul,89.99
Tênis Slip-on Preto,54.00
Oxford Feminino Preto,69.50
Scarpin Vermelho,59.95
Camiseta Estampada Surf,21.00
Calça Flare Jeans Azul,65.00
Tênis de Corrida Rosa,119.90
Colar de Pérolas,79.00
Bracelete de Ouro,149.99
Mala de Viagem Média,89.95
Gravata Listrada Azul,19.50
Cachecol de Cashmere,79.50
